id,sensor_id,datetime,traffic_density,temperature_c,humidity_%,wind_speed,population_density,time_of_day,decibel_level
1,S001,2024-01-01 00:00:00,43.708610696262625,35.94485142059236,42.03364037451028,15.572453554086541,1382.3578503059393,18,62.97180513868754
2,S002,2024-01-01 01:00:00,95.56428757689245,31.082890990323612,65.22356157959328,14.375456328891929,1310.1961154527992,14,91.00867204866196
3,S003,2024-01-01 02:00:00,75.87945476302646,24.285828488589832,86.74147933196653,0.7692619741930706,4540.647444553079,14,89.0134185821045
4,S004,2024-01-01 03:00:00,63.8792635777333,39.41385059120846,77.59461761662148,10.237434828784691,1322.77637926258,3,69.98016672566985
5,S005,2024-01-01 04:00:00,24.041677639819287,35.54193517661638,82.42647461099423,11.405868563575712,1432.553658030292,6,78.56516127234612
6,S006,2024-01-01 05:00:00,24.03950683025824,19.87850818034674,72.82091883619663,11.964683426907015,3821.0514858480224,12,57.99181288099436
7,S007,2024-01-01 06:00:00,15.227525095137953,42.32781553481527,74.9979766936604,17.40517107681997,2303.725228007646,2,70.90397965379003
8,S008,2024-01-01 07:00:00,87.95585311974416,39.67611728769507,85.19771735174575,16.008076401806353,3905.881729080388,15,92.37255739252781
9,S009,2024-01-01 08:00:00,64.1003510568888,43.49399739875772,46.22842057584708,18.23715278380334,420.29417206548766,8,71.66629802507829
10,S010,2024-01-01 09:00:00,73.7265320016441,36.7715852516508,61.812622636804136,22.94649784626385,2489.098848999583,7,77.61358733705345
11,S011,2024-01-01 10:00:00,11.85260448662222,33.402455878073695,44.378613718274146,24.389572161482803,264.7066408980849,19,51.80073217636081
12,S012,2024-01-01 11:00:00,97.29188669457949,27.547291088718566,94.19842051978206,21.543692286794833,407.00069693123714,12,77.47216193501302
13,S013,2024-01-01 12:00:00,84.91983767203796,42.9818545006204,91.36385707962987,28.665710878648042,4541.5435213876135,16,83.67324930515211
14,S014,2024-01-01 13:00:00,29.110519961044854,40.98191668501225,32.562742738952885,0.5469774802908489,782.3023184762163,16,69.70800173038094
15,S015,2024-01-01 14:00:00,26.364247048639054,16.356560103185682,75.86238621351976,5.873339570506383,2708.8613431485637,16,59.72435626691899
16,S016,2024-01-01 15:00:00,26.506405886809045,15.79100923491756,90.14114063201828,0.2268862493442636,2114.368452743462,0,67.50643947762212
17,S017,2024-01-01 16:00:00,37.381801866358394,26.293901006341486,41.73739743327668,19.42424142463809,1801.9822986683291,7,57.07749399575471
18,S018,2024-01-01 17:00:00,57.228078846901404,39.31659992345499,66.91643998592092,26.94091646849961,4509.1833938676355,18,83.81601562895077
19,S019,2024-01-01 18:00:00,48.87505167779042,44.618283879448335,89.50673934322272,7.304468897288978,206.93464419989857,5,78.29574286722871
20,S020,2024-01-01 19:00:00,36.21062261782377,19.512506733105845,32.206488608076924,27.8110363438892,3352.5694622603864,2,60.88134367842697
21,S021,2024-01-01 20:00:00,65.06676052501416,32.82392146056405,75.3323173710446,1.8080217086868255,4820.632727646397,4,79.14999660491443
22,S022,2024-01-01 21:00:00,22.554447458683764,26.426725698930646,49.3276854792158,28.03308080416543,2844.8240989630253,12,66.8239978148794
23,S023,2024-01-01 22:00:00,36.29301836816963,44.09743193443809,90.08575269947448,10.548680617189031,4690.43006396215,14,82.22888544848038
24,S024,2024-01-01 23:00:00,42.97256589643225,40.263567694071256,93.1187859357489,3.0426248534764957,356.06360850151646,13,65.97631049542375
25,S025,2024-01-02 00:00:00,51.046298579533236,40.149861141334135,91.37732179237321,14.576152775589769,2152.0872634633906,22,73.46113566156106
26,S026,2024-01-02 01:00:00,80.66583652537122,29.06079479384911,60.82392408273515,7.7032970316152385,1374.7731757140507,15,76.69704917293329
27,S027,2024-01-02 02:00:00,27.970640394252378,27.444585070129953,86.03277231430538,8.546187058857685,3681.022728405576,17,76.0416979695907
28,S028,2024-01-02 03:00:00,56.28109945722505,23.20221215792119,84.89571090477958,9.218698947788598,4908.355743436508,21,80.44530655351576
29,S029,2024-01-02 04:00:00,63.31731119758382,16.691264899527813,50.741530760811614,24.090776934979903,1356.9973059768142,21,62.526984595200375
30,S030,2024-01-02 05:00:00,14.180537144799796,40.9416712876516,83.87950581979402,16.174838300257633,3305.455547222965,10,63.75706923123708
31,S031,2024-01-02 06:00:00,64.67903667112945,39.387030273902326,32.40549625650702,9.33923097468011,1070.6784005227266,2,70.44406622110193
32,S032,2024-01-02 07:00:00,25.347171131856236,44.991530198583916,68.75754210133346,18.31001349932755,2870.1182474008883,21,60.12375425061836
33,S033,2024-01-02 08:00:00,15.854643368675156,44.89910511221716,44.9505744237007,21.484520226695807,2373.2691847728474,9,55.996659325657326
34,S034,2024-01-02 09:00:00,95.39969835279999,31.662951168078823,37.83684757552312,8.178720022006013,4862.826115194532,9,98.18567531379222
35,S035,2024-01-02 10:00:00,96.90688297671034,38.06962245541531,35.001958105898595,12.406473045760546,3081.7836362126864,20,86.08180198420358
36,S036,2024-01-02 11:00:00,82.7557613304815,43.34297189647284,75.25877043207907,3.656582800108427,1812.581223225412,15,94.99886057398366
37,S037,2024-01-02 12:00:00,37.41523922560336,40.48942172032234,52.091872644924294,5.4344804860404095,659.0693459508735,11,67.92021308150939
38,S038,2024-01-02 13:00:00,18.79049026057455,22.42044305229593,77.10984014936949,20.433535618949485,841.1094608011794,1,51.34456087429267
39,S039,2024-01-02 14:00:00,71.58097238609412,28.516324059302804,34.248162151931254,5.443150430868808,1204.052956761052,8,72.62905702355403
40,S040,2024-01-02 15:00:00,49.61372443656412,18.87478245454485,50.49387195898967,15.754901510011805,1329.7366405674602,23,65.59350309587356
41,S041,2024-01-02 16:00:00,20.983441136030095,43.621530817761666,65.06693400439693,21.27138785167298,4268.018683421576,2,71.23690646100488
42,S042,2024-01-02 17:00:00,54.56592191001432,33.1852390335264,81.39700571453264,3.206307692842315,2849.991662584372,23,82.50563848994437
43,S043,2024-01-02 18:00:00,13.094966900369656,21.85928416510388,50.718912690584546,17.019366588867108,2664.6154657343955,14,60.93531960112833
44,S044,2024-01-02 19:00:00,91.83883618709038,35.15102053217571,70.68293946840559,7.696883511040912,662.3674721591656,2,83.58817278745049
45,S045,2024-01-02 20:00:00,33.290198344001524,33.543847213736875,87.58855363535216,28.887806257127394,4314.684497412231,18,55.26895044625658
46,S046,2024-01-02 21:00:00,69.62700559185838,25.744881540985215,70.0311072318498,14.506369401597741,3641.7900857215704,17,89.47724219591002
47,S047,2024-01-02 22:00:00,38.053996848046985,18.40672776598887,45.142365858986196,24.179776493254742,431.57497331000775,7,55.86251510298375
48,S048,2024-01-02 23:00:00,56.80612190600297,35.14719586778399,31.58605080117497,16.506796264687853,3568.3919764258667,16,80.30847768632587
49,S049,2024-01-03 00:00:00,59.203925140895166,30.6092310271138,86.55642680356044,1.302375985644575,2763.337264978966,7,88.97645642161265
50,S050,2024-01-03 01:00:00,26.636900997297435,38.16955175206918,31.382511705275164,18.994541267820672,500.45419415921344,6,67.82381624209503
51,S051,2024-01-03 02:00:00,97.26261649881027,30.604905033359803,86.85560872447296,28.54210026619971,2345.673143490417,6,85.91805477727894
52,S052,2024-01-03 03:00:00,79.76195410250031,40.5654450095562,64.38091371176878,18.048354604389935,2475.01180693723,2,85.69380811378392
53,S053,2024-01-03 04:00:00,94.55490474077702,31.557205163234567,91.03940040333825,24.575665782803707,912.2952468000511,0,91.76344757782954
54,S054,2024-01-03 05:00:00,90.5344615384884,31.828139146061588,81.92091032528825,26.526193900452235,4733.920920301383,3,89.75917989176773
55,S055,2024-01-03 06:00:00,63.810998092997664,41.29960807975035,94.86571718466693,6.842393158467974,4264.879320255243,4,84.97822766851496
56,S056,2024-01-03 07:00:00,92.96868115208052,27.104485986371913,52.79626800436116,6.361345197246799,3378.2094529126307,0,89.81512518600022
57,S057,2024-01-03 08:00:00,17.964325184672756,19.02045685351922,79.86723878052325,18.32942966552975,2365.2482489029753,14,57.32156778748602
58,S058,2024-01-03 09:00:00,27.638457617723066,15.863480289400169,56.12550938460074,12.330854094201142,2117.6511537640918,4,59.027344800731484
59,S059,2024-01-03 10:00:00,14.070456001948425,37.65411767020857,61.191915319754074,25.19583908600161,3289.7699890396752,12,56.197061355935446
60,S060,2024-01-03 11:00:00,39.27972976869379,33.60928654060394,70.78785510919406,27.000693701940335,2772.6161600938367,7,62.38160030588996
61,S061,2024-01-03 12:00:00,44.98095607205338,36.12239304297671,86.78901242211202,10.602641379081543,405.1382188212395,7,70.90478002899732
62,S062,2024-01-03 13:00:00,34.42141285965063,21.388924845267322,93.96542549795419,7.106116769234462,2611.262978974625,4,74.77689583345563
63,S063,2024-01-03 14:00:00,84.58637582367363,19.09114426760309,79.93777190119368,23.415765457315853,4051.3777244409134,8,95.57966461739126
64,S064,2024-01-03 15:00:00,42.10779940242303,15.436339970036459,57.154840840876695,8.244181066444083,2350.2754002250945,0,65.01293499898256
65,S065,2024-01-03 16:00:00,35.28410587186427,25.51762676419791,57.38820514800956,24.67842955541035,354.5872300159152,3,61.20739576102793
66,S066,2024-01-03 17:00:00,58.84264748424236,32.69753060563899,77.94284960327795,12.712147609462885,3952.763176981762,2,82.83632058739826
67,S067,2024-01-03 18:00:00,22.683180247728636,26.76732135299197,45.52051447493965,20.026496978744113,1086.6825324662746,1,51.765787484370605
68,S068,2024-01-03 19:00:00,82.19772826786357,28.124247660711873,37.180817353540654,2.8660594150400454,1367.24209095139,7,86.15637480731638
69,S069,2024-01-03 20:00:00,16.709557931179376,42.12476083481245,53.050440246650474,18.71577974029719,907.0611318182499,22,51.55006148719397
70,S070,2024-01-03 21:00:00,98.81982429404655,25.44766401069901,48.670534457515316,13.553030362116873,1718.053817870338,8,86.34127840937845
71,S071,2024-01-03 22:00:00,79.50202923669917,30.419684674794325,49.260027829639355,17.59825389526422,3808.0823778743115,1,79.84771362943272
72,S072,2024-01-03 23:00:00,27.884411338075516,38.50959038223429,45.184503818244146,5.040426232345903,2644.990711569293,13,63.79520968455013
73,S073,2024-01-04 00:00:00,10.496990541124216,26.896283469638107,32.73605732636352,22.106212348325464,1103.9182433384915,13,50.02985990863688
74,S074,2024-01-04 01:00:00,83.39152856093507,33.662601006836205,31.161805757671896,25.883912326296855,4401.367382945,3,95.83608402524615
75,S075,2024-01-04 02:00:00,73.61716094628554,40.87091126240236,94.20195533284205,6.50219400272327,4409.951089262493,5,90.44953607075107
76,S076,2024-01-04 03:00:00,75.61064512368885,43.485618709729266,57.80525369283105,2.871436665604852,4365.834282725434,10,86.98973332019716
77,S077,2024-01-04 04:00:00,79.41433120173512,19.41220442787114,54.98123206537931,0.7091575813900919,1270.1014357695424,2,88.58194239384491
78,S078,2024-01-04 05:00:00,16.664018656068134,42.79762875484484,74.17707337504953,19.25914501329798,2311.072786486842,7,57.352732615786294
79,S079,2024-01-04 06:00:00,42.261915568984534,29.763488792386145,44.18650271122917,18.212821082663424,4926.449315090288,2,65.97349013004705
80,S080,2024-01-04 07:00:00,20.428215357261674,22.74733164896875,91.74747695676464,16.4009223814221,3882.861133918953,13,65.20462733924458
81,S081,2024-01-04 08:00:00,87.67930832880342,28.77407268714784,81.11242593701088,6.958412883479262,233.12036400524312,12,81.12726668036808
82,S082,2024-01-04 09:00:00,66.09683141448022,44.40097725856431,35.81171515029687,11.72717987716544,419.50249717641105,12,85.30451464161358
83,S083,2024-01-04 10:00:00,39.78082223673843,29.77854281978609,57.14275042602034,17.834290055585193,2373.2637463804303,1,69.16601123872462
84,S084,2024-01-04 11:00:00,15.720251525742128,24.862548308625247,87.1426899915407,14.903005765775081,4555.179008721645,12,64.32784146090341
85,S085,2024-01-04 12:00:00,37.9884089544096,34.00202562950177,91.40758144894167,29.63356560644662,2739.6388099682995,18,62.53576376097375
86,S086,2024-01-04 13:00:00,39.266498982407235,22.204368563345792,60.38109823124153,4.093192576701994,2539.281289368022,5,70.50634934775535
87,S087,2024-01-04 14:00:00,75.66455605042577,17.275899843259918,69.87174029869601,20.854336621427812,616.8211297874899,15,81.31394022697998
88,S088,2024-01-04 15:00:00,67.38017242196918,18.866391657319475,40.85720649598489,12.129563043128764,3318.222513149041,1,80.91271389039251
89,S089,2024-01-04 16:00:00,89.84914683186939,18.841375168733173,94.42596069890348,12.845988447768443,4128.305486941104,7,89.0657333536828
90,S090,2024-01-04 17:00:00,52.49934326457544,19.55708080536883,45.05866058992382,21.527932969745287,1964.0580367870555,16,70.46685103130358
91,S091,2024-01-04 18:00:00,20.763482134447152,19.164815179482304,91.27756531878316,20.77308453973109,3900.4980695341046,22,63.04783622293238
92,S092,2024-01-04 19:00:00,74.19203085006956,34.226242344096434,72.22703218450394,29.73767981106565,4825.935604113977,1,89.1954366675871
93,S093,2024-01-04 20:00:00,78.47065437552077,20.456402531974344,69.50289166712585,3.851828683623757,1098.4556497256767,9,78.68283117489193
94,S094,2024-01-04 21:00:00,60.51494778125466,25.370018499715897,63.324753216073056,3.1232894815249903,2664.3151928542325,15,76.65453085921453
95,S095,2024-01-04 22:00:00,79.38704619591049,41.90365229718036,44.993537761654316,21.730164513862235,1506.9759946144202,5,78.37603930493589
96,S096,2024-01-04 23:00:00,54.44160367279517,29.218849207886173,41.474322080358036,17.351607510192274,3984.986653265813,1,81.42901416956468
97,S097,2024-01-05 00:00:00,57.045954644379464,35.02673215563081,44.3316035895614,8.224819996794176,2930.2074928176717,1,75.5935039634632
98,S098,2024-01-05 01:00:00,48.47869165226947,20.169596136048895,42.11848703937655,2.382581069669598,3209.4538459964883,12,71.37603210046836
99,S099,2024-01-05 02:00:00,12.287721406968567,20.768670564260123,80.67299078183896,2.569747487892916,4009.779382117881,23,58.869097827481625
100,S100,2024-01-05 03:00:00,19.7102284293974,16.226058487994365,52.75814184583746,26.825726239923547,2040.2553160460288,14,55.9815969459872
101,S101,2024-01-05 04:00:00,12.828626711806082,20.068051892164938,33.759773976620764,5.756019741562287,4583.941335194511,1,63.98877623530538
102,S102,2024-01-05 05:00:00,67.27693701374024,23.35771017095876,92.99167095915274,9.701146863465622,2711.8414495060856,6,79.01546873247952
103,S103,2024-01-05 06:00:00,38.2920382968694,20.310314528302406,87.44608252262267,6.799692066809641,873.9786318932053,2,60.45077056865264
104,S104,2024-01-05 07:00:00,55.77136220482325,17.661076012711668,90.30389840768885,10.649889174958119,3509.905679027132,7,87.25350747244882
105,S105,2024-01-05 08:00:00,91.68098265334837,18.619076133018023,94.66900847201829,2.082715282382801,3986.9806171474465,22,86.34088842423455
106,S106,2024-01-05 09:00:00,32.43630062339874,28.823363040981775,41.30319119926668,15.57179372724811,1652.1322176308806,13,63.67108218892173
107,S107,2024-01-05 10:00:00,46.93446307320668,21.190011552173775,55.755731228672815,2.028376907766447,4300.178359293889,23,83.6919509609508
108,S108,2024-01-05 11:00:00,77.99960246887439,25.928095831442263,79.28550092076594,24.010695234670848,4540.101948352255,22,70.93742839898547
109,S109,2024-01-05 12:00:00,30.59183489424602,30.10251812564571,75.2413401734965,7.011362457312991,1456.8319881512637,21,67.45310245859218
110,S110,2024-01-05 13:00:00,16.92819188459137,35.71184485888096,40.00323391209058,16.200357438135317,4919.255216304588,6,64.54463633207949
111,S111,2024-01-05 14:00:00,36.077630762239124,16.179364195232967,83.02915312439015,26.402372626843746,789.4864874389162,20,59.3776738487644
112,S112,2024-01-05 15:00:00,24.5099158528604,38.98231196727128,44.58863716938294,19.526321071415826,1089.8767751722007,6,55.62892128332699
113,S113,2024-01-05 16:00:00,93.67278871083158,33.83701168472723,44.5481449634705,15.988733596540058,1002.7017122663281,0,89.95940013093659
114,S114,2024-01-05 17:00:00,82.73083416079753,17.452770958466157,64.90333748807188,9.730012593461268,4480.549579038565,16,92.26665910927275
115,S115,2024-01-05 18:00:00,67.00633808593811,41.20735872320331,68.5410957647107,9.990057391745937,3306.033506392313,8,84.98938231959062
116,S116,2024-01-05 19:00:00,88.43145311689459,42.626172015954396,67.70560350945772,20.084608655945704,845.3109877891371,20,79.1764954220092
117,S117,2024-01-05 20:00:00,82.33048692092031,16.832338795645914,35.946644430854064,29.824180836635026,2257.58475000491,12,87.47375706111637
118,S118,2024-01-05 21:00:00,26.791305299743225,23.30632944441611,87.03495607097472,19.855175695481357,3114.96032284203,20,63.98772026820462
119,S119,2024-01-05 22:00:00,90.330309864098,39.18603839379184,47.2640027682659,16.733502521100746,508.9740164479781,18,94.00248037554735
120,S120,2024-01-05 23:00:00,58.540801772408564,37.447790711509754,38.41846988338227,21.919515307177384,4423.84020519596,20,89.47987728990239
121,S121,2024-01-06 00:00:00,82.66961396476563,20.53563058069132,87.76862519148352,13.956168368511545,4037.657323663522,18,80.96660489354548
122,S122,2024-01-06 01:00:00,90.64821699311439,21.28047970010131,92.11734738493396,1.8042702780235564,2575.5131905255275,21,88.14818183346605
123,S123,2024-01-06 02:00:00,38.62031274746775,26.11416308374146,86.03829512225428,16.868904476337296,4838.920414769935,16,69.62538963682867
124,S124,2024-01-06 03:00:00,19.90467320749091,29.53568955573064,82.61854485711707,28.728758535161408,2147.0287984479883,22,56.977454240088186
125,S125,2024-01-06 04:00:00,30.51416462877475,33.54764314590888,72.59072874153641,5.259088270729789,4922.140563278839,22,75.51777289859443
126,S126,2024-01-06 05:00:00,48.43970097636307,26.067409187093173,65.80572908959405,20.700146724619973,3372.8079941377728,9,73.70430520004538
127,S127,2024-01-06 06:00:00,83.62132893302439,28.876041483994435,35.65413939424166,6.028010659771694,3209.889238944313,9,93.2573537304945
128,S128,2024-01-06 07:00:00,87.46575249307091,37.4241281440127,56.54945884959542,16.074830534192436,913.1789869493465,3,90.41987786186394
129,S129,2024-01-06 08:00:00,10.625691747807164,16.100496086717936,54.22475360580041,2.9002934894015886,4421.446015692755,7,66.89830688781171
130,S130,2024-01-06 09:00:00,55.967257231980916,22.573108330320622,46.8839959444212,13.511128087745554,2194.699470811014,21,69.19426566332672
131,S131,2024-01-06 10:00:00,47.56699028339011,36.40048757653658,77.02230738975803,22.684899866857382,894.9436883341489,19,62.575716385418204
132,S132,2024-01-06 11:00:00,29.98970294236572,41.856205130615976,62.2319227801201,10.427145727169462,161.77684788121928,19,59.799618663174144
133,S133,2024-01-06 12:00:00,20.787883060031454,30.35032326346998,35.268004033997116,19.94735173461654,2842.8028498280746,17,61.300637749817156
134,S134,2024-01-06 13:00:00,40.385365426326516,30.96340455795947,44.311908126737734,23.863498823691877,2684.258148401114,13,65.37837021244076
135,S135,2024-01-06 14:00:00,94.86187335212672,18.215160340193282,74.41181963787373,27.815334584383578,3624.832749608877,17,82.98162152446218
136,S136,2024-01-06 15:00:00,39.088263881867974,28.42237100470364,34.94850586686951,7.039262455663606,4462.26445978723,13,77.03532492790919
137,S137,2024-01-06 16:00:00,56.691155956902946,30.978517993650694,85.32844941316996,11.979477474279244,489.09226475084466,19,68.69947000819445
138,S138,2024-01-06 17:00:00,73.27170630056601,22.27411510904189,62.18452425590833,4.572480399912523,3684.3328026677755,20,83.78496465528872
139,S139,2024-01-06 18:00:00,42.726664214136456,23.07729692848143,61.23812752623212,29.774505064751256,1018.3185260781529,23,60.44115779623215
140,S140,2024-01-06 19:00:00,97.46038744488646,26.31852489313868,68.50650600286865,27.81002903772886,4305.067560470104,14,92.51096130053256
141,S141,2024-01-06 20:00:00,96.62025654479001,15.602135933331791,83.6042627851347,16.19871390841679,4113.411217922115,21,92.436621741695
142,S142,2024-01-06 21:00:00,32.66040662428277,24.66237496749535,52.60759851364255,25.26099883129264,2749.8893994291675,3,56.19074071788257
143,S143,2024-01-06 22:00:00,54.75236553031469,21.34344020989634,74.07104991633913,15.628739318161266,3580.1897132542263,12,75.85959868079942
144,S144,2024-01-06 23:00:00,37.07904788350927,24.82492056533744,66.77257765972641,18.707570640082793,1640.315554600367,22,66.58818761650953
145,S145,2024-01-07 00:00:00,35.63564449397208,18.59286395457754,47.356837561012384,2.6737329634804983,2408.7227047707916,7,67.42567081604881
146,S146,2024-01-07 01:00:00,13.319825261907951,41.71581842219685,87.11094911308527,22.658112614904237,4126.020798781311,17,68.52789739261328
147,S147,2024-01-07 02:00:00,64.86079005819072,32.80777360662146,81.83269140445033,3.8314045090570445,2350.399466148748,11,77.59930901952683
148,S148,2024-01-07 03:00:00,55.24111209059753,35.37306957433469,72.79936925279766,24.782028907575853,1853.2115000946649,22,65.25531005820892
149,S149,2024-01-07 04:00:00,14.633087612499041,38.67513715822015,85.28781239112573,23.46084263011158,2521.6409915264694,13,57.56240079195604
150,S150,2024-01-07 05:00:00,35.07818178129503,29.95326596787172,86.37412306238716,21.262340932289295,4158.4213369423705,1,67.9945814924439
151,S151,2024-01-07 06:00:00,91.74392973699884,17.60760864262271,76.04359348647726,1.0848114157428634,1742.5194321172764,17,85.59981396268131
152,S152,2024-01-07 07:00:00,31.560570160027517,31.113196254556435,84.40586634363868,9.093850678359859,951.4318063651446,23,63.605774693205504
153,S153,2024-01-07 08:00:00,23.04053848821008,32.60523354062637,75.33564500850343,7.893377097325286,3588.8686996208257,1,64.5463106606773
154,S154,2024-01-07 09:00:00,54.05074842498067,37.3631842255299,74.20915016441953,10.804092224145572,4147.293242269601,10,74.96595334799045
155,S155,2024-01-07 10:00:00,98.70854086995406,27.94978638689038,70.20973958398699,2.6292824029151562,593.1236447653133,8,85.64491209951746
156,S156,2024-01-07 11:00:00,31.784974436035036,18.82740908386691,78.92658157124669,28.108734690931882,1275.3831525041292,11,59.38912956918641
157,S157,2024-01-07 12:00:00,70.49219926652907,23.513277173961733,40.309331844049794,16.61406722137129,795.6627498288701,16,76.16091568515532
158,S158,2024-01-07 13:00:00,78.54576537958458,25.892468891959055,87.25659934793035,9.165729319740706,1804.9129167526164,14,86.55371325975065
159,S159,2024-01-07 14:00:00,31.38737895931597,34.377517239948034,86.66982930344008,11.909445512228503,2306.719796636522,16,68.70570639359401
160,S160,2024-01-07 15:00:00,75.53947137506736,32.12334914006736,31.901073397246343,13.41607621514507,3769.249051120202,17,84.41340917140474
161,S161,2024-01-07 16:00:00,43.10048194473279,25.68290177693539,83.67808878670957,18.01783000081852,3290.623165920203,21,73.56940647616146
162,S162,2024-01-07 17:00:00,66.90752475342215,44.59545746378939,38.37654138577394,15.470382830894934,3142.5499806443127,5,81.49305067498874
163,S163,2024-01-07 18:00:00,67.01767396848052,33.173244580706616,51.782725526844224,27.58175919643252,1826.6372383873065,16,74.901233115817
164,S164,2024-01-07 19:00:00,58.21972156672826,22.116803752079832,78.3280366589545,14.908904487174908,4223.0930101153235,22,75.51267546603229
165,S165,2024-01-07 20:00:00,18.12607930489675,18.053474178612113,40.44939324314004,29.76474044469938,2409.3071202510064,23,53.47527060152424
166,S166,2024-01-07 21:00:00,85.17722460303142,19.585774175529963,83.16785656773905,25.542748732352873,4897.614196274257,17,92.64477280953827
167,S167,2024-01-07 22:00:00,38.870205847456226,22.378731851535242,84.08872156725323,6.255315430720074,3207.2964776491103,7,73.1857911090773
168,S168,2024-01-07 23:00:00,26.786665935986882,19.82044119778667,62.98540269445435,27.91785643931749,718.6972336660634,8,46.97192797162367
169,S169,2024-01-08 00:00:00,13.669762739928753,20.59701072153917,30.415081661594183,3.4909919365642827,3413.2700541696267,5,60.10112644449502
170,S170,2024-01-08 01:00:00,63.18036488694176,23.55285506081541,48.657478656369335,24.52349125473575,1693.009675615325,4,64.19283103529673
171,S171,2024-01-08 02:00:00,70.98079256580542,20.201207858842643,70.10024969442324,11.418698804297403,3463.0032637618774,11,83.9011639509885
172,S172,2024-01-08 03:00:00,11.492904603507053,41.90296273879275,93.77710157178252,26.339229613352085,441.2416259957881,10,48.12065432811424
173,S173,2024-01-08 04:00:00,56.088375246935286,17.407012369849266,71.06787925608344,26.041700703223512,956.919042162201,0,74.7904276155248
174,S174,2024-01-08 05:00:00,30.384619767814417,30.735341687107642,46.88723276917038,24.177762003528635,4293.112568638353,10,67.74851275033922
175,S175,2024-01-08 06:00:00,68.06555113685049,27.311904809689846,71.21037070147474,23.70091308921184,1213.179829415223,18,77.78870168079033
176,S176,2024-01-08 07:00:00,25.69297861044923,44.47135850725819,65.0990496815306,9.140374172941224,4201.501513690407,8,81.53364059594932
177,S177,2024-01-08 08:00:00,72.18439642922193,18.36116706504157,80.68995068482434,2.4275784915375653,1468.452833426611,1,75.49526491221494
178,S178,2024-01-08 09:00:00,44.806181167048365,26.935667971372247,36.9537415237523,12.089405362954844,3250.1213592876675,11,73.32136729851439
179,S179,2024-01-08 10:00:00,94.30569898630611,44.08411299826106,79.46681366263182,5.20573544959526,3501.337810198172,3,91.84154852190443
180,S180,2024-01-08 11:00:00,22.376884973139394,40.96521377681941,65.18232761394717,20.84853266707385,2612.0082904107594,3,63.74545581554314
181,S181,2024-01-08 12:00:00,40.695971594523265,39.512162128478394,92.59448025083465,10.382991796133567,1596.0223158139834,17,78.37495189009005
182,S182,2024-01-08 13:00:00,20.212616911653015,22.737084811348197,52.22169079251459,29.268306025797447,1141.957444218371,14,48.53948908127584
183,S183,2024-01-08 14:00:00,93.22242564507064,20.126627621701974,71.12042305370663,19.22916232035996,262.62783735588846,18,76.37626503549158
184,S184,2024-01-08 15:00:00,88.9605418042883,35.05929659773293,90.58182685815113,24.67441690903083,1589.3373660795467,12,84.74946010312247
185,S185,2024-01-08 16:00:00,33.21474649436401,42.88127967382758,36.66313231939415,3.9757401822554526,3300.497673603287,18,80.88667858958965
186,S186,2024-01-08 17:00:00,69.39856414307611,31.702886790417892,90.91985167036933,25.860434468178678,4697.693610397565,16,89.83703979663484
187,S187,2024-01-08 18:00:00,83.54999801810942,32.14838068409699,74.71257194955287,27.68271571540183,4368.901963088955,5,85.02347439324241
188,S188,2024-01-08 19:00:00,59.96807304395161,23.399372809808526,34.409408841836175,14.611857564568076,3853.717405022983,15,85.13168919570792
189,S189,2024-01-08 20:00:00,57.66855205204058,38.084787995758106,49.56263185154306,18.187588132529324,3963.3919819411635,23,71.23561397040879
190,S190,2024-01-08 21:00:00,31.76670618104065,20.6113124567257,76.0311857619433,22.944294027089864,3358.4260270323766,11,75.76915354871505
191,S191,2024-01-08 22:00:00,18.379249102530927,24.71037709212731,34.37778909547016,5.245158817812376,1375.4056020734147,18,60.13658410233854
192,S192,2024-01-08 23:00:00,90.74941821579941,27.763093158492502,67.84107991145777,15.076982293903272,4545.255650458566,4,103.29444294829517
193,S193,2024-01-09 00:00:00,91.03762514469975,30.228311360533652,52.48239870194219,11.959890833169393,3386.588328338587,16,83.10221297351876
194,S194,2024-01-09 01:00:00,66.97913115459411,22.272291972452408,70.35950865488601,4.391219764867474,2846.1590918041557,22,82.15791416718722
195,S195,2024-01-09 02:00:00,40.51268119438306,18.445104742176106,32.97323219781334,11.026032668745943,643.8483991460572,0,59.67739382983071
196,S196,2024-01-09 03:00:00,41.428861715139476,33.31860127324897,86.64989239990446,2.045169281564807,2290.5721646514844,23,67.32961476744664
197,S197,2024-01-09 04:00:00,75.33601109832155,23.65891659720767,93.2767829965308,0.7743572084846095,2355.7555288894387,22,78.77935812245074
198,S198,2024-01-09 05:00:00,90.73992339573194,32.43714664267837,92.97706059356995,4.054988674644683,4336.361686661083,9,100.54388800322508
199,S199,2024-01-09 06:00:00,89.83777818386056,19.63088145822607,78.7273690632901,28.893453347675216,2778.5762789201635,14,88.36180865323621
200,S200,2024-01-09 07:00:00,80.18879912718614,29.434203055644524,38.45560560849108,16.48588607685051,1963.9626899550074,22,87.50801147776937
201,S201,2024-01-09 08:00:00,67.78284815388591,30.977682976547577,79.28710773538647,28.9746648345966,4886.3216097022305,20,82.07107369035904
202,S202,2024-01-09 09:00:00,17.572596849554394,16.554706104672807,31.598149569822098,12.97493634990396,642.5309072989468,20,49.71670853515079
203,S203,2024-01-09 10:00:00,24.54658426851524,25.098128345817617,31.438030849384823,9.354483992557787,2170.4872987285285,10,52.88351997469155
204,S204,2024-01-09 11:00:00,90.86987696743714,19.032440308169228,51.034664244720176,15.184255885207323,305.92090833988595,12,87.3393906533882
205,S205,2024-01-09 12:00:00,64.57861536936309,16.90124911418303,61.761807376303274,13.185350658987304,3725.5301917579586,4,80.34198476595049
206,S206,2024-01-09 13:00:00,10.827734645496669,44.69880697169836,80.07648215750656,3.1699405278523174,4598.575105775838,0,71.81441873168633
207,S207,2024-01-09 14:00:00,19.132438857942887,24.67061534924169,74.41419947942283,19.224789440706186,1472.1829147973983,23,59.43539565634057
208,S208,2024-01-09 15:00:00,69.71515921972502,39.29623337563905,58.98367591448864,6.481145475287988,4305.874216315692,11,95.64661183035966
209,S209,2024-01-09 16:00:00,10.455542546159682,22.639219642912916,47.78573330830828,18.587638646934888,1531.869329263299,10,46.688469552381875
210,S210,2024-01-09 17:00:00,24.472724627574877,35.44508166671788,94.81309251025122,19.5060327719446,4562.7737920551845,16,73.12155455006271
211,S211,2024-01-09 18:00:00,59.38604104299275,37.80683579669059,57.70178464533824,4.560745593859443,3794.4133276242414,3,82.65657835152322
212,S212,2024-01-09 19:00:00,72.27056779234239,32.86916221823533,59.34015658142891,1.8404888133200448,4044.0432065230493,14,99.098026467352
213,S213,2024-01-09 20:00:00,68.67651335523405,29.14728565650475,40.6355483774585,23.422847582053194,188.23212244222705,8,65.58278156537821
214,S214,2024-01-09 21:00:00,30.18423785145038,27.355227424418054,81.6626206687454,13.794012713079605,4817.770749662727,20,77.81175173287176
215,S215,2024-01-09 22:00:00,74.09612992127823,25.46604799628986,75.08934467579675,1.7449138651642737,3660.687861144584,19,89.5976161082875
216,S216,2024-01-09 23:00:00,31.352417874712007,42.88587432743478,44.35002483126942,29.845989515093013,1593.2803673920532,18,61.49127321075115
217,S217,2024-01-10 00:00:00,39.285972834334096,39.918582233631874,35.35476796502977,1.733416829890999,4164.03385780835,18,75.88543670471421
218,S218,2024-01-10 01:00:00,77.18422646062217,43.95080731999538,74.23245463485635,20.851056865756597,1479.4538722331567,11,88.17941377172309
219,S219,2024-01-10 02:00:00,68.46696091424931,18.72891670456634,72.54322892827379,29.510367757902408,4376.493813874027,4,82.36994971320964
220,S220,2024-01-10 03:00:00,86.43010694447601,36.92602425610933,47.76186925488361,7.175403126477768,651.6439130184914,9,75.39681430210602
221,S221,2024-01-10 04:00:00,69.18516030703091,43.150213704631135,91.80613154627667,4.267481060615886,3548.0612895578993,16,94.62510825593262
222,S222,2024-01-10 05:00:00,61.147774300192445,20.436991984969804,39.818762965758516,3.641548182672867,2749.4225355600606,4,82.2165637969146
223,S223,2024-01-10 06:00:00,18.430729104528325,16.994888021003327,58.10176206776912,9.098254427027866,573.01890395766,21,55.66170719588193
224,S224,2024-01-10 07:00:00,43.09442227534902,37.23361947870177,91.33503481089393,3.0313743303194007,1285.279758468311,15,64.99675983309288
225,S225,2024-01-10 08:00:00,33.86821309135529,32.234193395397355,57.28227560019795,20.76484025082396,160.77977775884247,6,52.71032250786675
226,S226,2024-01-10 09:00:00,31.95906790411752,40.25486330274816,71.50418659816556,1.8687539439018808,2396.9630307760785,8,59.826989864334834
227,S227,2024-01-10 10:00:00,97.57094992772011,19.193171298788684,55.843635867581625,15.28266384449369,1576.199777724002,2,88.67325338945776
228,S228,2024-01-10 11:00:00,45.378795220008435,38.858019355796706,47.82398815266355,29.900905615589302,3031.951673059018,14,62.7393500541934
229,S229,2024-01-10 12:00:00,90.2841899659402,21.048819601432335,93.95854711738883,24.419108085180564,1556.4652577722243,15,75.1607459744301
230,S230,2024-01-10 13:00:00,66.80247633975367,19.909678285971136,56.606710410477795,18.456583146930328,1569.603646384225,17,79.93021770558786
231,S231,2024-01-10 14:00:00,81.53301731874836,19.92797393792979,88.11644823914374,9.18760862359835,3741.646673784857,13,93.23654154909514
232,S232,2024-01-10 15:00:00,55.23733837946729,39.43724160694146,44.9470493829206,18.716875088749156,335.8998962939319,2,65.8563404089515
233,S233,2024-01-10 16:00:00,61.92134961637232,34.955916620886,43.851805761630416,15.811243917349548,4524.185476440737,11,81.94459235732967
234,S234,2024-01-10 17:00:00,54.32659244369775,30.69196274307358,32.02371538749324,12.782501516711145,4276.092984516789,8,66.17067477360322
235,S235,2024-01-10 18:00:00,27.571868901824004,25.764914523705073,72.35834364943253,3.921311302205984,3372.242947809392,6,72.42759310004007
236,S236,2024-01-10 19:00:00,75.02069037353547,41.31601622439325,53.95421234204447,26.598126457214,3006.785693526183,8,79.14046366686773
237,S237,2024-01-10 20:00:00,35.26951261967702,26.773353222679063,86.1832862395764,13.493539464639676,4472.282240884296,12,74.80256548864214
238,S238,2024-01-10 21:00:00,12.188436978830845,39.497983184147316,60.758643934951216,5.838675354622952,1008.1178796907008,17,43.25181172509208
239,S239,2024-01-10 22:00:00,68.09250663164511,28.17404725710655,92.9325728144569,11.032780526318689,486.9488947350602,4,80.25186912169605
240,S240,2024-01-10 23:00:00,25.939961146634403,26.308332882747226,42.05915852070287,12.42389257586781,1273.5998325567368,12,53.99698945266901
241,S241,2024-01-11 00:00:00,94.64127259176229,28.880393570088195,86.4605059171147,24.82613686700623,3993.433565630932,3,86.64645537261866
242,S242,2024-01-11 01:00:00,95.85357193023286,24.04133622492426,80.47879543146321,22.00843141684206,269.8843069597683,1,80.68152744247399
243,S243,2024-01-11 02:00:00,92.33779511984037,37.428281405287535,80.10991990186338,23.079146809240193,2955.753491909099,15,87.82431127802428
244,S244,2024-01-11 03:00:00,43.31428302299,30.081611702774374,84.91090982759769,0.3309379328594164,4977.6438293374185,8,86.32158242198174
245,S245,2024-01-11 04:00:00,11.391095487598069,21.96638085440452,79.46655941129492,12.484619945392845,4292.910859803943,8,60.10455627228978
246,S246,2024-01-11 05:00:00,93.54867063289528,41.987237198237054,70.704320906042,14.440324549059708,2655.0838763135885,5,99.14304173039143
247,S247,2024-01-11 06:00:00,48.53657334855829,26.516736641196342,38.530917049355196,0.5757683046917006,411.8404555045475,10,68.0897664725912
248,S248,2024-01-11 07:00:00,96.99893371393026,31.306585833419657,32.11420166693137,7.794396262351027,4173.730220489979,21,100.53542228899322
249,S249,2024-01-11 08:00:00,96.72579793803276,42.19416332893641,89.85511010801964,22.80869469366405,3034.9946900683317,23,94.04461204528731
250,S250,2024-01-11 09:00:00,86.7708509920624,33.72713987741976,70.08227044384797,4.113291171869972,663.1716855918775,21,90.79867663473138
251,S251,2024-01-11 10:00:00,36.50040028626271,18.506941221250923,81.77492391345146,16.05930394357775,559.9006956344454,0,54.164668840139704
252,S252,2024-01-11 11:00:00,44.658795574173276,43.19496370840425,61.29895284831575,6.456056160517125,4557.171415239302,3,80.35613572943186
253,S253,2024-01-11 12:00:00,86.60230043651713,33.83124159214253,37.625032282555644,0.3636232393167982,3379.0812883965846,12,89.67919809772533
254,S254,2024-01-11 13:00:00,38.522980464064986,25.047168439712586,38.13707649316578,7.236043727986244,4163.505316652102,22,79.09957087813679
255,S255,2024-01-11 14:00:00,25.254347201748324,19.17816217990162,74.56174366988313,29.276212647301612,4406.99661138311,12,71.56746971916486
256,S256,2024-01-11 15:00:00,60.11211362125152,38.82075567810888,57.969883168465074,24.046113356489688,2901.6845250367787,12,76.66439015863818
257,S257,2024-01-11 16:00:00,94.25392967447029,33.60218267785541,43.03410723552189,28.787299329631,2635.487123599702,1,80.58505063263641
258,S258,2024-01-11 17:00:00,72.64268170074757,31.003832759289647,61.9536455381934,14.635621317790873,2209.094310572852,8,82.64097512322087
259,S259,2024-01-11 18:00:00,61.30550530804285,41.816777491528725,34.17358090988372,3.292085960325105,1653.0382801764845,23,68.48104676573624
260,S260,2024-01-11 19:00:00,18.74588443936917,38.65791633673592,67.82814112443592,16.43878466921079,2229.5202082076876,7,68.21996596717631
261,S261,2024-01-11 20:00:00,65.35065040292528,19.550246391982533,47.484571288281344,13.631320036798826,3892.010313077766,6,78.0309422630749
262,S262,2024-01-11 21:00:00,99.10484650938369,24.351662033866447,81.84134154141722,25.330712482188478,3049.4248119741446,3,91.31603610830157
263,S263,2024-01-11 22:00:00,22.60756137128716,22.45467419443397,50.17352733003229,2.942477423527338,4473.364120778746,17,64.34674354277857
264,S264,2024-01-11 23:00:00,56.64966871273631,37.31838877718031,59.58930969031708,14.647234110653345,2272.5620704580197,2,70.6164227419267
265,S265,2024-01-12 00:00:00,88.96357647351599,16.005973042073382,30.75533509402654,4.501459940819528,3074.738935721895,5,91.53447470215576
266,S266,2024-01-12 01:00:00,76.6691755978784,32.0966905461395,34.70904770664633,9.7402778067018,3193.4070101507446,11,84.05670829025988
267,S267,2024-01-12 02:00:00,72.73141668957412,37.87376057222072,55.51208116643451,22.120712321633988,2999.316095300995,11,82.33545333617656
268,S268,2024-01-12 03:00:00,73.22356755883983,41.30296910285249,61.19602425661303,14.280543881062997,3542.90548811903,20,81.29782589384476
269,S269,2024-01-12 04:00:00,42.35420360977797,25.262452461477224,69.00133562775474,11.27664855437308,1263.4239950365507,7,69.99635448624075
270,S270,2024-01-12 05:00:00,36.4232659838044,39.637719140160385,48.958067616104714,11.834288357101059,2610.5825099743743,21,73.2167061795383
271,S271,2024-01-12 06:00:00,82.84250399306623,18.318952108656216,75.17382259822526,13.7834030521796,610.7015337609037,21,77.67431709988509
272,S272,2024-01-12 07:00:00,82.91020552112627,40.39356875203555,85.9079558172983,23.550496315111708,1984.1055054595815,0,91.1003432321366
273,S273,2024-01-12 08:00:00,88.03650867220934,18.824659869959472,80.69031427806775,26.76254066820703,2489.5686362441957,3,83.66839516724961
274,S274,2024-01-12 09:00:00,92.19164973008242,26.918618716811018,32.57522364764321,28.66004059511785,3295.8988717728153,20,90.59767985967576
275,S275,2024-01-12 10:00:00,56.020815897484404,38.91886097338661,61.23295157175888,23.607101587658853,4757.602157672397,10,72.74455133492464
276,S276,2024-01-12 11:00:00,55.136466521847964,19.497522820463214,36.820461597181364,9.462206872440381,3043.1902260869438,2,75.82452174787255
277,S277,2024-01-12 12:00:00,81.84656610700976,21.877541856979246,45.73292603106429,20.644041182596265,3743.610189265143,12,84.0515190161455
278,S278,2024-01-12 13:00:00,68.49675376999886,36.66757705179199,94.13306856236451,13.128093721661758,2580.7036915264935,16,83.49959595390868
279,S279,2024-01-12 14:00:00,73.17701895319331,36.601096096382236,39.26221028859836,7.6401186613815355,3207.1097537440232,21,85.37080006739947
280,S280,2024-01-12 15:00:00,81.6213402492491,34.23442898655892,62.42772997433814,25.22614738277768,447.5678590554898,21,77.83106015789625
281,S281,2024-01-12 16:00:00,90.10048076358096,35.818453334013,70.18012273067774,1.15279046886975,1346.5187461250503,9,91.80946823348218
282,S282,2024-01-12 17:00:00,40.41956411663823,31.281733300427884,75.66022308536677,27.052859764062706,1873.0801567051797,20,62.02589715526091
283,S283,2024-01-12 18:00:00,43.802465737594964,22.553971767208584,66.37716442664941,13.844323938742026,2415.2174395319166,11,71.54512410997731
284,S284,2024-01-12 19:00:00,18.45837458567821,25.370879805117582,30.635105082246938,19.116044304248412,323.6788529616803,14,56.03118917277616
285,S285,2024-01-12 20:00:00,62.045212689655656,20.44793150404277,51.21998503585947,19.78061766617348,786.1180780112567,20,61.79779972915911
286,S286,2024-01-12 21:00:00,13.234804641706788,42.25351684000885,63.651256820006246,26.85353222119609,1456.3901081773984,9,49.9102756128307
287,S287,2024-01-12 22:00:00,51.90382163192142,32.50175384298362,35.711322444414165,19.10009046501622,4860.510185415148,13,74.49119318717308
288,S288,2024-01-12 23:00:00,58.838017123681894,27.025542502909197,52.790750528596746,18.418007542801853,1723.6003348049487,12,66.25554624993865
289,S289,2024-01-13 00:00:00,35.7887126915456,28.860174109323978,32.15820207143883,1.9995612168206989,2462.001184749204,4,64.86502375928696
290,S290,2024-01-13 01:00:00,63.174993451210966,43.41850018835446,35.10760231507635,15.552240658356123,1060.8787924181254,5,78.77593334707373
291,S291,2024-01-13 02:00:00,12.745022494514448,19.600542093482407,55.800012953103746,4.50507002451125,3092.8223482712647,23,66.44347862195701
292,S292,2024-01-13 03:00:00,13.361336987429297,32.58689496050391,38.626524012798924,22.123013061644567,1475.347756028274,1,52.69621074417567
293,S293,2024-01-13 04:00:00,84.03405045936924,30.17666036653398,66.89015513700127,15.366657624380235,1114.2636343482914,21,80.13290631950568
294,S294,2024-01-13 05:00:00,42.41715772701366,33.343627063039435,74.81522299392228,20.4068333762506,2631.2058793852975,16,73.53603910826656
295,S295,2024-01-13 06:00:00,21.435446138669633,15.543305514625215,82.03813544209038,1.250187018071528,126.97841588606202,3,43.31863642754914
296,S296,2024-01-13 07:00:00,57.001893404932396,41.16371726832455,43.009765875912656,2.543760481374097,137.5537599812041,13,65.75382006917027
297,S297,2024-01-13 08:00:00,79.29941977887498,42.96354847450837,40.88636784683953,21.48970164188047,1173.4371645991032,9,67.82283770698987
298,S298,2024-01-13 09:00:00,29.423892474715885,31.953995507676268,36.79690962173602,2.162530079960201,279.9346762540236,2,53.48130122311742
299,S299,2024-01-13 10:00:00,66.06014282371002,35.89952471630677,71.36796622033638,2.1377018329577577,629.3261952403877,2,73.00273473256647
300,S300,2024-01-13 11:00:00,17.68127184943912,42.67498143531887,75.92092222164857,0.3632542570466235,1760.4171817598829,14,69.86681214971462
301,S301,2024-01-13 12:00:00,14.651354905174692,36.217159029401955,32.05309941366673,28.695041948984404,4032.669829941083,5,45.44946205640993
302,S302,2024-01-13 13:00:00,57.82191684113332,19.57617128742784,90.85379600583984,22.12525078377021,2903.038352509574,16,72.80843412946251
303,S303,2024-01-13 14:00:00,58.657160944909585,32.288650805004394,33.37813343734571,10.597542255061924,2612.0718571864404,11,78.78960815201926
304,S304,2024-01-13 15:00:00,67.3686911348386,33.201451391485676,65.18426179456958,8.896067438629657,1538.095233719796,21,80.07563278216568
305,S305,2024-01-13 16:00:00,75.34822003503955,27.72392013907158,76.08893376430956,10.491096892375486,4665.5932252208,19,97.3095736879538
306,S306,2024-01-13 17:00:00,97.82668715162812,37.09332706874169,86.61299304349556,23.239605935435456,2045.373702062239,23,91.31878088521987
307,S307,2024-01-13 18:00:00,56.46703134710758,43.03101044307044,76.4156505886078,19.841118332112433,526.7545572992803,10,72.34567754261508
308,S308,2024-01-13 19:00:00,39.06608256471213,42.767055387203285,82.11232539953647,5.555867036024038,3123.625928977226,3,65.21427782465629
309,S309,2024-01-13 20:00:00,81.56675752918333,28.525181142123962,52.064262515282394,5.22328006002253,657.8081280353468,5,75.49611738997353
310,S310,2024-01-13 21:00:00,34.374902613586684,18.39714137522266,82.9636323935233,2.9518694914019195,1791.5933997282912,0,56.52859645505861
311,S311,2024-01-13 22:00:00,49.507427863507246,44.54523596887004,35.20746501500388,19.809081591040144,2586.3184997172634,19,74.90530951199787
312,S312,2024-01-13 23:00:00,17.061074320803936,40.166942593378025,88.1630826439343,22.93117986665208,4383.690370957362,22,67.56591264785288
313,S313,2024-01-14 00:00:00,12.281566907391177,18.739880436098005,65.59350444999285,7.951392849750121,2518.3782436665815,15,58.53583004833811
314,S314,2024-01-14 01:00:00,96.63835732101326,42.625256478521166,83.12435504756209,0.6283488309273844,3541.067953555155,14,95.29571520475119
315,S315,2024-01-14 02:00:00,85.23821084609853,41.09689086186385,59.40068849368951,2.4651500242928206,4964.802511095445,16,92.76648102424791
316,S316,2024-01-14 03:00:00,72.63767854843282,30.56514171378216,71.83255018777413,29.035801045350915,744.2966875001099,7,74.70443470074139
317,S317,2024-01-14 04:00:00,46.80576499728429,32.73826307234788,64.21617296084736,8.863343324322608,1446.1844750456455,11,66.06280860422501
318,S318,2024-01-14 05:00:00,25.596488806376122,26.970081116103906,77.55331891409656,23.07669443514401,2033.4227704284674,21,54.544680240766276
319,S319,2024-01-14 06:00:00,24.079333840397744,16.64284916466094,35.305948831988324,18.739907065627914,2166.9580748402736,20,54.104404307562554
320,S320,2024-01-14 07:00:00,32.52186083481358,25.05591724937703,33.92288545938665,11.458189189586877,2114.0032688011743,9,59.209937982610924
321,S321,2024-01-14 08:00:00,59.43039982355084,39.085603457940344,46.06171021065952,6.170617865866653,4547.293912527119,14,80.01222924991012
322,S322,2024-01-14 09:00:00,74.31363304300561,15.138960690138086,40.37040420735724,3.641592544782193,3598.7599578875966,8,77.95393981200917
323,S323,2024-01-14 10:00:00,69.41776390459582,25.004975150734325,86.66593182849311,18.450389041165998,3078.7355490444484,1,83.64072610646781
324,S324,2024-01-14 11:00:00,35.19405072513486,26.9450608077283,44.24890917827288,23.239013419133638,1615.9263175276321,4,68.31204833626829
325,S325,2024-01-14 12:00:00,95.93787525968747,31.121868088137685,93.43124162824353,19.31712760623392,4136.572882684344,5,96.06626452222082
326,S326,2024-01-14 13:00:00,76.41072250261917,42.59566849238281,51.898226465121944,15.90906399747475,4779.796506276446,6,91.81829800234522
327,S327,2024-01-14 14:00:00,59.891864726026064,25.390379830978837,41.837664519765454,1.258536702949088,4123.87158449611,20,84.65898276695256
328,S328,2024-01-14 15:00:00,65.05486716109169,25.40859605688683,81.33040296426114,29.054663327831513,107.66901543821723,0,70.24465958789672
329,S329,2024-01-14 16:00:00,47.764005618501095,37.125037443292456,72.81600540755696,23.961425749637236,3218.3667138986943,22,68.9434114844559
330,S330,2024-01-14 17:00:00,32.29578905510417,28.566538226694213,62.382721569454034,8.784661101028941,350.56336906629355,6,68.21642137702452
331,S331,2024-01-14 18:00:00,42.03754107861354,21.73814468819946,66.09863081094602,29.39910988076552,1362.2753796352372,19,57.80112126958544
332,S332,2024-01-14 19:00:00,78.20614994179321,28.5731854839808,76.74811558769716,18.056447689089662,391.67103170408126,11,80.21000895929562
333,S333,2024-01-14 20:00:00,11.295413976678027,19.225710611393996,44.849558186534416,17.472679746217395,3058.597719452,15,57.97671383753411
334,S334,2024-01-14 21:00:00,20.446537645622463,20.2916095951867,94.76170454368823,22.442195382885963,3464.290576113773,15,52.07266666580234
335,S335,2024-01-14 22:00:00,14.140237781957747,29.951033182184393,93.3615555395409,24.353093642704128,660.9894265229351,10,50.13494533355119
336,S336,2024-01-14 23:00:00,13.665592208707313,27.56776348513644,72.27116961255089,19.69435821994508,1980.8105269203995,20,55.50166208271397
337,S337,2024-01-15 00:00:00,86.99145256099065,42.445377032043,42.97025931039443,3.8428723909860008,2335.558893882156,3,90.21575880529312
338,S338,2024-01-15 01:00:00,73.32920734420213,25.871816973498994,74.21483575803393,10.148025179834953,1908.3598066284912,12,82.12577423310972
339,S339,2024-01-15 02:00:00,52.67564461785927,32.4176505083413,34.69289658364643,27.842509209781493,693.0225023774459,6,67.96643028245315
340,S340,2024-01-15 03:00:00,18.805074458590134,33.96792863758591,31.992412643377396,6.7384683553155575,2152.8441719186294,3,59.2901017345817
341,S341,2024-01-15 04:00:00,54.24542876051491,15.392833697650008,46.74938775322889,11.1650107151254,3780.7724342612487,14,77.2269689463633
342,S342,2024-01-15 05:00:00,52.61245937025091,34.906121160501314,60.07049218805556,12.96230648832588,447.9375562129518,18,67.8110049686901
343,S343,2024-01-15 06:00:00,25.58816829190137,20.341079006092542,86.43771285154473,13.182149690833565,492.8820690013269,8,51.363862795315065
344,S344,2024-01-15 07:00:00,49.04664843141757,43.832109524083656,77.26598953481002,18.388187474835764,1838.3793299963227,10,72.05628297979027
345,S345,2024-01-15 08:00:00,45.86542609576361,19.45988183259339,78.27592387799876,28.292275132341228,4714.455986932733,7,77.40931106268968
346,S346,2024-01-15 09:00:00,65.42650882469948,27.43872371181071,57.6570667391249,7.2207813549751485,3376.0059689422787,0,87.39706897181628
347,S347,2024-01-15 10:00:00,67.15842857808795,17.560490042359316,52.48577451555259,3.645041289027542,3425.4827876955674,22,84.35575205636891
348,S348,2024-01-15 11:00:00,14.077360879484006,44.90622755537842,54.11751959399918,5.924114695798119,1873.4079551055383,23,66.17990702070381
349,S349,2024-01-15 12:00:00,43.71513531638241,30.065850309937275,94.19722164284376,26.607747006278085,3008.9378769218383,7,72.50538072174055
350,S350,2024-01-15 13:00:00,66.32739241428128,32.86155051960131,32.60709744181136,19.37432437965618,149.64280173594256,12,73.98400705336405
351,S351,2024-01-15 14:00:00,55.28226327220789,17.012294321652824,86.35704724795916,8.577203677174804,3216.8706274067567,21,81.60472871271327
352,S352,2024-01-15 15:00:00,87.08408570694901,37.498814111975335,67.61390155720557,24.47840816905852,4575.10604312356,3,91.55203526857647
353,S353,2024-01-15 16:00:00,69.28242684570506,21.297167792867572,58.510002247323385,25.84109989090308,3101.609994889614,7,81.5996731889049
354,S354,2024-01-15 17:00:00,24.664098437328672,41.94162868322141,77.14174792698387,25.39543016070834,4381.12310798509,2,63.37502987737291
355,S355,2024-01-15 18:00:00,16.351187266038686,21.154189214460217,61.633481192605686,27.567796009186633,3647.46797178386,8,59.97318377447336
356,S356,2024-01-15 19:00:00,67.8177350385684,20.720631619909998,86.77251047530794,7.567230605200848,690.7362403780822,1,78.0177060156156
357,S357,2024-01-15 20:00:00,12.386017948745963,16.096490035442848,88.5456211607318,22.65125786238835,4522.021205700625,1,66.08744939097227
358,S358,2024-01-15 21:00:00,62.7198023146117,29.162008353299978,57.4118602467746,13.8161849182242,425.5748373432969,12,74.95009923946999
359,S359,2024-01-15 22:00:00,94.62072172824618,31.945233997878493,47.99380682027835,25.259956586701847,2716.4406154840426,14,93.4576655777795
360,S360,2024-01-15 23:00:00,61.792676008829105,16.97125918285057,68.50277135856854,21.854720314848397,796.4719065879426,22,68.2094678550497
361,S361,2024-01-16 00:00:00,44.935293358586975,38.26582850085032,89.30361746508491,23.293423394991738,157.36239258142993,11,62.26560921721229
362,S362,2024-01-16 01:00:00,67.89593965981179,28.598665042440828,43.69304228536833,19.684855130432144,2167.9678746254313,3,74.82526654292104
363,S363,2024-01-16 02:00:00,51.2427601442365,30.7317080798274,70.49282793162638,5.322863084091206,1545.6994675053656,7,73.53544610419104
364,S364,2024-01-16 03:00:00,59.105511038434145,28.222882408146845,71.05141430601384,16.35080756690815,2481.4024196082546,8,66.55851815912825
365,S365,2024-01-16 04:00:00,94.73183278988726,27.02289182625978,77.65234645699326,29.540092185735247,2928.279444999299,22,95.36438896256715
366,S366,2024-01-16 05:00:00,44.74923740206968,31.789209939246536,38.551899533271886,28.121641994913567,314.3214543138421,4,60.133674191482136
367,S367,2024-01-16 06:00:00,96.50715074415228,19.657207377921374,76.52862270433576,1.29521207391035,702.7161461063537,23,85.1519706514273
368,S368,2024-01-16 07:00:00,91.48155777604573,20.457843914858135,89.08711384326666,4.944444471883114,2837.347742607084,19,78.99022867022768
369,S369,2024-01-16 08:00:00,27.62120213103668,40.85356863040552,41.67940207656573,3.951863203636857,1781.5200305460253,17,63.63060617082308
370,S370,2024-01-16 09:00:00,16.24251707876489,43.38346386400898,45.440316120052046,21.779397299558866,3672.950088992295,10,60.947130448796244
371,S371,2024-01-16 10:00:00,19.070020123968398,26.199279488392587,93.14068111270657,24.53355989570835,3296.2290781005045,14,56.71167713041514
372,S372,2024-01-16 11:00:00,11.639964308639476,23.122340194306613,41.76350192611683,6.405340989320157,4243.461378650543,21,58.29659356136016
373,S373,2024-01-16 12:00:00,18.499866468033556,34.31998629717047,85.53503106902264,15.17558078855487,3493.214850679204,8,64.13604125734095
374,S374,2024-01-16 13:00:00,71.47060960747211,27.26202513294289,61.99806066912226,25.221090840336,2206.662279211726,16,74.41203701801595
375,S375,2024-01-16 14:00:00,16.40697836142061,15.761590669810346,46.07001983620651,21.98404634298752,3397.5364497327187,11,59.88572134834255
376,S376,2024-01-16 15:00:00,38.70780672643852,19.68457792098571,86.59874358271324,16.26711616475545,1449.3677538515508,6,60.116508643242405
377,S377,2024-01-16 16:00:00,86.03877798725091,36.47916686542193,58.94484157517326,17.710430713763188,1600.936144013242,9,84.8683927403633
378,S378,2024-01-16 17:00:00,12.094474216224327,34.76771825730454,63.463128005429866,15.250816407488399,3966.0272836118875,9,67.97424923875073
379,S379,2024-01-16 18:00:00,83.30216343300422,15.812879775104506,53.35016901098477,8.926453539564617,2287.4556303677527,12,83.25440266039419
380,S380,2024-01-16 19:00:00,35.36692972960599,21.659164857988483,68.54180534327028,16.950659785770483,4012.063668539927,18,71.2486815559686
381,S381,2024-01-16 20:00:00,20.634834485949064,21.93224389764214,40.62905171802648,20.66655906150272,4129.869630974565,10,63.294776982553415
382,S382,2024-01-16 21:00:00,72.70634488277355,35.15678230796185,55.420299882364446,26.19968747582423,4302.05545454029,12,84.83328365996428
383,S383,2024-01-16 22:00:00,66.60485621018955,15.591316132630924,93.01180095179369,19.088740619377443,4591.512655621916,20,83.25298408483286
384,S384,2024-01-16 23:00:00,88.97248121743476,18.123257459537214,46.77867312557329,22.83364611129474,2211.8275805151516,7,79.8582971742201
385,S385,2024-01-17 00:00:00,76.15639394234972,38.99748256119568,72.68788319518399,4.80214904863719,1662.4474097735804,7,84.72854799326083
386,S386,2024-01-17 01:00:00,82.31328373463637,20.35633986163001,51.137354174605164,13.846724232593697,2952.7738583111577,3,83.20827136604672
387,S387,2024-01-17 02:00:00,35.38311153141758,34.582383235556236,80.27575316962904,0.2799485948127989,1918.744874844375,14,76.78508550312603
388,S388,2024-01-17 03:00:00,25.969558940175055,22.145483431401797,38.50678794669274,7.400365935648691,3045.2634173211413,10,67.34641884849817
389,S389,2024-01-17 04:00:00,77.55532764767725,17.983241782780354,93.03836793010541,21.793851453390147,3557.370726954741,10,77.4208981337377
390,S390,2024-01-17 05:00:00,82.61512653405376,22.295165729983623,59.496320189936554,29.754298540480903,3473.184590611471,0,76.84804555526372
391,S391,2024-01-17 06:00:00,99.1454627800606,36.66800795566978,45.34328011752016,2.975342987616477,1935.3091463985945,16,91.98410980772638
392,S392,2024-01-17 07:00:00,47.135590922028385,40.67089404318857,34.77728857645082,12.044829475838647,917.6149883238888,14,65.06108658671738
393,S393,2024-01-17 08:00:00,43.481627721350485,39.90659593700975,41.03426383069015,24.002129060974784,2209.593758464817,19,66.34273954271603
394,S394,2024-01-17 09:00:00,79.87716646677971,26.915505888553646,63.785306656141145,6.121069038866965,798.7113060013528,5,83.60518521629423
395,S395,2024-01-17 10:00:00,40.672318622771606,35.042554097119385,51.90520646803361,16.65254847906859,4461.475472400661,23,75.75316710285327
396,S396,2024-01-17 11:00:00,93.76815930432082,21.14952886247463,83.87741878236962,21.992138880890245,1794.7995576155013,21,87.38768103917724
397,S397,2024-01-17 12:00:00,87.25714766587106,23.794431907830397,58.00768903801739,18.47956350780537,856.8527613942865,14,87.47802721452261
398,S398,2024-01-17 13:00:00,48.609462463751655,41.89007455563359,46.16642771819595,5.640742038462484,224.6940235381793,8,60.637093446812145
399,S399,2024-01-17 14:00:00,77.57839610123476,15.39005770532208,70.11442412926195,10.661537060572183,3264.529692803773,13,85.0265641397967
400,S400,2024-01-17 15:00:00,77.90885866762142,17.56525592563404,75.94051909755399,23.513753534561918,3220.821355528242,17,79.65980843070744
401,S401,2024-01-17 16:00:00,19.281148195233936,21.23658765438082,40.85772401356174,16.6267954239605,1768.9604162483292,16,62.09953472007843
402,S402,2024-01-17 17:00:00,91.229761601161,15.795966116214592,40.895249058740646,0.1568884062873821,451.3882553534899,17,71.1820910665199
403,S403,2024-01-17 18:00:00,55.472713520307146,20.44306305269392,32.383642750680295,22.829722800842816,2107.181584986637,4,57.8029192697873
404,S404,2024-01-17 19:00:00,84.38117194969675,32.49124682909077,77.86613097926664,1.059340648207172,1624.9657258106286,19,88.70567288273634
405,S405,2024-01-17 20:00:00,38.804464092755055,27.64273651777494,73.14729429541734,22.372013481936964,3417.891134701546,19,74.73631433387712
406,S406,2024-01-17 21:00:00,90.59709056465805,41.780151332309245,60.8510069237379,6.0744168049571226,3068.3183223181827,8,97.40475248444488
407,S407,2024-01-17 22:00:00,45.02815108607468,39.523306852153226,84.87107918299782,28.742204403581407,1886.509268167946,10,64.08949337860176
408,S408,2024-01-17 23:00:00,10.975388633226853,25.254520550936277,82.36855994175346,11.038222539062534,1167.6735158494514,23,61.124246182762604
409,S409,2024-01-18 00:00:00,91.48437787773373,22.782703002938774,68.04803368578888,9.807948490142373,4941.3762341624,21,90.11875354731143
410,S410,2024-01-18 01:00:00,18.21580091075202,26.390772245018006,86.43763323336181,4.46664150997334,2324.6079438609627,0,68.18473434002655
411,S411,2024-01-18 02:00:00,38.73822738313734,32.70884827544423,43.379678652389934,9.168126464706447,3472.5437553231613,17,65.65846684842855
412,S412,2024-01-18 03:00:00,95.50557703457244,23.041909224686286,37.27477526085231,26.299522854846018,788.7095411339678,5,78.86935915132113
413,S413,2024-01-18 04:00:00,95.55464322438004,33.72446723547402,47.53372474860433,29.89003012881742,2479.3895283310494,1,90.31372386101759
414,S414,2024-01-18 05:00:00,61.60940993109575,27.282349565737213,33.710645645805464,11.04928591520545,234.92992736038087,14,61.58554213414838
415,S415,2024-01-18 06:00:00,66.86534909528194,31.561415425559407,64.52601932006708,13.458318928636277,2576.730077761205,20,87.09029635321025
416,S416,2024-01-18 07:00:00,50.36009697804878,28.0837958740595,90.8793699991725,21.66212814608211,4823.685294876742,13,77.24948777069429
417,S417,2024-01-18 08:00:00,36.388969452825805,23.83397278625753,32.55733014345313,26.585873413952235,1982.612893630421,4,61.07559488273387
418,S418,2024-01-18 09:00:00,39.57980908329243,43.4535992088647,37.93714441065174,17.791330025603525,291.0804616170668,5,67.37280006011352
419,S419,2024-01-18 10:00:00,70.52666104693346,37.908173824792826,59.392936838423296,11.74577094533488,251.6833755047833,5,71.30680654602509
420,S420,2024-01-18 11:00:00,77.7137076493912,19.203395272993575,90.70187613931381,12.378655225458711,2001.1351237396605,21,87.3328289150754
421,S421,2024-01-18 12:00:00,81.24211393532637,41.05403927693739,50.55014682348879,20.868544394904205,884.1221886696508,17,87.86378434833557
422,S422,2024-01-18 13:00:00,81.06563285150985,29.62293594748541,62.97026256474551,0.09654790812836045,214.42527200811097,13,77.3642779087148
423,S423,2024-01-18 14:00:00,18.208549274382133,41.836566806822745,32.702235838275485,18.58768012379522,3805.4467083558666,9,69.73975898598007
424,S424,2024-01-18 15:00:00,54.49782742323233,38.995657678419455,39.642308062535776,10.664790313240722,2346.7627435212644,13,65.73503222089028
425,S425,2024-01-18 16:00:00,15.180288401497986,27.756405134077003,94.13095799232505,23.825919938312527,1517.2993826660072,12,56.67684016463535
426,S426,2024-01-18 17:00:00,59.4575994091362,15.674079249603523,92.73271526834296,2.789719194693965,4510.407596780756,2,77.60107378739659
427,S427,2024-01-18 18:00:00,49.73774512360393,23.060320781548384,30.321098760736625,17.646068008451714,669.0809049825755,5,68.06107296064899
428,S428,2024-01-18 19:00:00,89.89337644824698,31.249026439826007,91.86776605251053,14.429186696583713,4784.002261881064,7,101.0065425363357
429,S429,2024-01-18 20:00:00,41.58235112968708,34.00434659478442,71.54279595800753,19.26976577715682,1638.436915149029,11,76.75898980696482
430,S430,2024-01-18 21:00:00,20.536031478484528,22.73663056299607,86.41468914380144,1.9456078344890504,4453.177994312538,12,76.02246896383559
431,S431,2024-01-18 22:00:00,22.869251384755227,19.180682222184725,59.55809061620084,17.399513622843937,3054.4200947493614,10,59.857208989711864
432,S432,2024-01-18 23:00:00,78.5359568545725,40.04790710397897,63.51374185765127,16.844537638785713,4150.866062733288,11,84.27220912425693
433,S433,2024-01-19 00:00:00,65.6396256984635,44.532065421106566,61.77502771669981,16.819802832485127,4921.664499731275,0,90.25387980943012
434,S434,2024-01-19 01:00:00,19.101040851051124,30.770705469080575,73.34617674049679,18.104629997893646,1513.1866453118541,16,56.538307882236744
435,S435,2024-01-19 02:00:00,17.569612550349767,20.150378575449103,39.07733155916034,20.294038116790865,4809.563878497205,15,70.12992761952725
436,S436,2024-01-19 03:00:00,73.08722183132079,23.169219795581068,31.948283341724068,24.149669990423092,2008.4612850218598,10,64.67123150885375
437,S437,2024-01-19 04:00:00,16.548670572777418,15.551720296424001,50.01544620342741,8.09462160384643,1989.0083332109193,12,66.74138305905254
438,S438,2024-01-19 05:00:00,83.96740533613206,42.428964196814974,75.80424957788203,24.75148230540186,1767.8968108470779,17,86.75486625238905
439,S439,2024-01-19 06:00:00,73.56180044408467,18.532532486704234,43.12047438799164,14.94767046790361,2752.8972760031675,10,75.564720895866
440,S440,2024-01-19 07:00:00,17.32139025777098,32.29549426542761,73.77310816611963,2.3117483740299347,855.3107115745868,11,61.23506424823911
441,S441,2024-01-19 08:00:00,17.635394267667273,23.22165662061618,93.04428299697258,1.756527877319376,2813.186278254255,5,69.76498071575537
442,S442,2024-01-19 09:00:00,98.7975620651058,31.6253400754738,36.10354652631219,10.027149560881824,2754.3535808090196,8,92.89736845044813
443,S443,2024-01-19 10:00:00,43.68437161805083,34.542611650555926,73.71913768463321,23.546909313344027,3833.318881763863,15,64.30707014093394
444,S444,2024-01-19 11:00:00,43.357793236020186,39.89225411121605,58.84376425479712,21.230428042227473,4184.884813494169,3,73.10847727413181
445,S445,2024-01-19 12:00:00,83.15196105317523,21.1926381528181,86.42924653453784,23.658448940172192,2258.1626165308776,2,88.00091579768859
446,S446,2024-01-19 13:00:00,95.25237196454728,15.329874859754414,41.51473631408008,15.518071693248281,1581.4329218223193,15,86.60017492844025
447,S447,2024-01-19 14:00:00,98.74009574405838,19.106568902064218,75.0206868947007,13.205969938664717,1370.740996853763,23,86.8015518263195
448,S448,2024-01-19 15:00:00,77.80403667330475,42.00055925544315,84.47749382712716,4.423575801188519,1053.6567998538726,11,90.46340764277582
449,S449,2024-01-19 16:00:00,43.86336269778242,41.216702326875456,91.3999242658115,9.845782608279347,382.47315277522193,10,71.17263878226615
450,S450,2024-01-19 17:00:00,17.51506450288019,32.92239306510925,74.41112183882697,13.020580985216258,1777.9950962900953,4,62.47650572437857
451,S451,2024-01-19 18:00:00,79.94322243346932,33.0155058130096,62.316359660547775,2.658012890388517,1424.213691440838,17,81.73329786470737
452,S452,2024-01-19 19:00:00,60.256382476222456,34.95110023638766,70.1600706130789,6.618358581336338,4835.445190745396,18,83.49896700383951
453,S453,2024-01-19 20:00:00,48.17998083222786,20.261138358703487,86.47882399111668,17.946758821912166,2832.7732486252153,22,63.0442736643306
454,S454,2024-01-19 21:00:00,91.57189465852623,42.4323583777488,67.08963353152393,22.069893427175696,1801.657491249487,22,86.04212830527605
455,S455,2024-01-19 22:00:00,20.00777340755362,27.563115746762193,31.975158880294394,29.95042534178849,2944.2912448691104,5,61.25608360429077
456,S456,2024-01-19 23:00:00,54.336259386177325,26.494155847484926,90.51166520795356,27.99339994030673,782.063836593908,21,65.96125542863379
457,S457,2024-01-20 00:00:00,11.021828029067716,30.567531158485124,74.81923881705147,19.276955986055746,2275.8143710907943,17,57.93456897495869
458,S458,2024-01-20 01:00:00,52.17945777947136,16.408979003251652,73.97337007552102,12.63744159882216,3168.5481749632127,5,79.56595145444395
459,S459,2024-01-20 02:00:00,15.067294811365361,19.98850106268238,44.018884905851614,19.08532094124698,2495.599375783012,3,56.760036227333885
460,S460,2024-01-20 03:00:00,20.693612464126474,37.141008492791116,72.82755556512271,23.56954854240696,2068.716123206189,11,61.33478650776658
461,S461,2024-01-20 04:00:00,20.577362209939437,17.483960037753793,55.6011863675203,3.5500857277016196,4969.857105608521,18,61.04404006911233
462,S462,2024-01-20 05:00:00,68.42892719044572,33.09456328399165,72.33014350769699,12.297146690888647,4413.542334529742,1,85.1206362890635
463,S463,2024-01-20 06:00:00,77.1440391338881,22.36047329043963,36.9285469700194,25.194068569068516,3154.6891949812566,16,89.11650039923519
464,S464,2024-01-20 07:00:00,62.503188858744366,26.678868421259295,72.75994479919734,11.51498855799132,2889.9490697931856,10,79.52693844990827
465,S465,2024-01-20 08:00:00,96.59552936270877,23.660812103120996,94.96189217509333,17.156168136815594,3141.236351140462,10,102.41159450534747
466,S466,2024-01-20 09:00:00,43.73835215713336,25.670181493948476,33.13378252593614,17.633080825865946,1086.429328329923,20,59.11965087986427
467,S467,2024-01-20 10:00:00,35.714087765367466,36.571377155527365,93.51632197438562,5.5342875940091805,2036.1749419951611,15,70.61856234605172
468,S468,2024-01-20 11:00:00,88.17392153705143,23.91365146869525,56.44901744698659,10.867063249568652,293.35171116540664,1,78.47231750329733
469,S469,2024-01-20 12:00:00,30.123625466750738,31.992139208906917,86.59897427192185,10.035338662257963,2430.175583685451,1,69.42160222585996
470,S470,2024-01-20 13:00:00,96.69002854965501,29.28151206597299,80.85505646378778,0.7859012559619438,2760.8204613925495,22,99.71131552623321
471,S471,2024-01-20 14:00:00,11.09390272208347,34.91013496087945,66.85605696413342,0.7257529167406573,1215.9737069057269,7,59.53198519704553
472,S472,2024-01-20 15:00:00,97.28909440368751,43.10489217974274,77.99919860133622,24.950911310273202,4823.741351111017,12,103.9716340285218
473,S473,2024-01-20 16:00:00,13.884392075551851,36.977162916307506,87.10351148458761,8.192124299184373,4556.327593592486,9,67.4201998202252
474,S474,2024-01-20 17:00:00,90.2028802328264,21.448211357722702,56.269120907317145,15.542362987164463,3638.501853733939,7,88.96623096760536
475,S475,2024-01-20 18:00:00,57.49309981776699,15.93549405183854,51.25715550161051,8.961767207663192,2713.5944809502766,3,65.50788677490144
476,S476,2024-01-20 19:00:00,99.36683165073703,22.867921328994754,73.393570061633,28.220377353460215,4362.848882273656,14,97.48332521467742
477,S477,2024-01-20 20:00:00,16.641690826185897,32.852337921007646,82.50998622618181,7.778902765973212,740.1964847349683,0,57.235755692145645
478,S478,2024-01-20 21:00:00,59.846885596118874,16.54277440452751,79.54853376048003,12.889704382168052,3973.4979919469365,10,79.40057649874521
479,S479,2024-01-20 22:00:00,97.2372282057189,29.890987416037092,81.85788717581124,26.181907514538054,711.6219884375566,6,83.41583118861702
480,S480,2024-01-20 23:00:00,57.078805975313394,32.90528546750667,58.31291546284065,25.25800700375426,3991.632246492087,16,77.42185851539985
481,S481,2024-01-21 00:00:00,66.64587743217362,25.027316724508825,83.15922405137641,5.583042535388319,1451.2610844316491,19,76.6264037728423
482,S482,2024-01-21 01:00:00,72.61738200861555,38.12736611237466,37.81358859908955,24.079299293871312,4397.743846989126,23,82.39393963963349
483,S483,2024-01-21 02:00:00,50.90869582909959,18.197947594013154,65.39179136745523,13.74560660213678,4725.80625974445,17,78.98900190154141
484,S484,2024-01-21 03:00:00,66.48022720756572,17.254133452074264,30.3743129323779,14.489066162560656,829.1002500850666,21,72.70920965986416
485,S485,2024-01-21 04:00:00,62.58828807307902,36.8456626861081,51.09807894351757,4.004399172478314,2367.110464820428,21,75.56468056735842
486,S486,2024-01-21 05:00:00,91.10422094418901,29.864739486185954,53.81999976664086,2.41804541271374,4906.838152997157,11,95.84562681944732
487,S487,2024-01-21 06:00:00,14.090174230731208,35.65207189283208,55.7512249546016,21.838179209212957,2468.6964362684184,8,55.7867864345857
488,S488,2024-01-21 07:00:00,35.28668706330073,28.044820158112387,75.20536843484103,14.893834570658992,4331.382860321271,4,72.12111447449513
489,S489,2024-01-21 08:00:00,95.53703356689029,22.392060997173203,55.25627658257247,13.105521078455386,2984.7844584434674,9,90.02875821717122
490,S490,2024-01-21 09:00:00,90.12374055018248,39.57306953022599,59.16508547046449,21.8852468595719,1939.1165488060492,3,89.68261719591585
491,S491,2024-01-21 10:00:00,51.009107750714165,38.982476369069374,45.440368506831284,22.96538696973329,1500.339422076764,4,60.16913877475223
492,S492,2024-01-21 11:00:00,65.8119338021383,35.8408941256328,54.26136645590711,4.767245030080607,1095.7931463218276,9,69.37272040374438
493,S493,2024-01-21 12:00:00,34.96430646830194,23.16435411689888,44.77252577210484,18.30675448432924,3832.811137750716,10,68.50393150611504
494,S494,2024-01-21 13:00:00,26.930904375138518,32.706920006072615,34.75773504494884,4.060622468330566,1994.0484834328365,20,59.572878220707196
495,S495,2024-01-21 14:00:00,51.7328564445984,25.829216908200806,69.22415856978957,22.54125258087137,2605.249764783681,23,75.75744334960478
496,S496,2024-01-21 15:00:00,41.80170052234475,17.747462199799024,73.43383190607605,19.708654688014185,2512.3948520057916,9,72.49894951556885
497,S497,2024-01-21 16:00:00,62.529050066578485,42.51940726386728,70.26687249062493,28.698438632503738,2928.667243242343,7,79.11792462608358
498,S498,2024-01-21 17:00:00,16.996117326848633,19.104558927568842,60.1271128470372,2.0687404906926354,4341.328013560306,1,59.92084777339814
499,S499,2024-01-21 18:00:00,97.69553268995499,43.50712061462407,54.686075711649934,1.7116416345376295,4905.622783558804,22,107.98609255866229
500,S500,2024-01-21 19:00:00,98.75896700316426,28.380173188738674,86.11668722216865,8.465612240796004,2097.162622011703,7,93.65932586931248
